"";"BirdId";"Area";"MS";"TA";"BH";"LogitH";"LogitB";"HT";"HT2";"YP";"SY";"CL";"LogitSurvWS";"U_perVolBlood";"Cort";"Cho_perVolBlood";"DS";"AgeN";"SexN";"Sex";"Age";"SeenF";"Seen";"Area_Model";"Area1";"nHT";"nHT2";"nBH";"nDS"
"315";"10740";"Schor Wilhelminapolder, Zeeland";520;97;3,099999905;-0,201887758760919;-4,80371741643178;0,183333333;0,0336111109888889;2;"2017_2018";"Oosterschelde";2,43187440190775;1,01075555559059;7,840218029;9,77555555589444;90;3;1;"F";"Adult";"0";0;"D";2;0,370640895922376;0,176117585493455;-1,2027315319308;1,00702872822001
"316";"10741";"Schor Wilhelminapolder, Zeeland";488;97;3,200000048;NA;NA;0,184027778;0,0338662230756173;2;"2017_2018";"Oosterschelde";2,43187440190775;NA;6,609853018;NA;90;3;1;"F";"Adult";"1";1;"D";2;0,380801953587898;0,187357524632397;-1,10385143318372;1,00702872822001
"317";"10749";"Schor Wilhelminapolder, Zeeland";540;102;5,400000095;-0,156153379879804;-5,28066243115856;0,185416667;0,0343793404013889;2;"2017_2018";"Oosterschelde";2,43187440190775;2,24950210738757;6,43725521;13,2984720753137;90;3;2;"M";"Adult";"1";1;"D";2;0,40112405428703;0,209964871805836;1,07150767496206;1,00702872822001
"318";"10743";"Schor Wilhelminapolder, Zeeland";508;97;3,599999905;-0,489961704667922;-5,31966678535533;0,186111111;0,0346373456376543;2;"2017_2018";"Oosterschelde";2,43187440190775;0,75256791668677;5,055507004;7,15183333352438;90;3;1;"F";"Adult";"1";1;"D";2;0,411285097320641;0,221332279717947;-0,708331745187117;1,00702872822001
"319";"10759";"Schor Wilhelminapolder, Zeeland";511;97;4,400000095;-0,279210708907829;-5,18871506382462;0,1875;0,03515625;2;"2017_2018";"Oosterschelde";2,43187440190775;1,2504334581911;7,610847944;11,7061855660443;90;3;2;"M";"Adult";"0";0;"D";2;0,431607198019773;0,244194596931112;0,0827081014746927;1,00702872822001
"320";"10751";"Schor Wilhelminapolder, Zeeland";520;93;2,400000095;-0,247100938913652;-5,4442712791209;0,189583333;0,0359418401513889;2;"2017_2018";"Oosterschelde";2,43187440190775;NA;6,311915024;NA;90;3;1;"F";"Adult";"0";0;"D";2;0,462090341752515;0,278806777024185;-1,89489104550003;1,00702872822001
"321";"10744";"Schor Wilhelminapolder, Zeeland";532;95;5,300000191;-0,210745922244715;-5,88081227586823;0,190277778;0,0362056328006173;2;"2017_2018";"Oosterschelde";2,43187440190775;1,40620212758074;5,210712746;10,5510638291957;90;3;2;"M";"Adult";"0";0;"D";2;0,472251399418037;0,290429171559275;0,972627812538077;1,00702872822001
"322";"10753";"Schor Wilhelminapolder, Zeeland";526;98;4,199999809;-0,202770433827086;-5,5070721801118;0,190972222;0,0364703895756173;2;"2017_2018";"Oosterschelde";2,43187440190775;NA;4,633041553;NA;90;3;2;"M";"Adult";"0";0;"D";2;0,482412442451647;0,302094044344352;-0,115052096019458;1,00702872822001
"323";"10754";"Schor Wilhelminapolder, Zeeland";439;98;4,699999809;NA;NA;0,192361111;0,0370027970251543;2;"2017_2018";"Oosterschelde";2,43187440190775;NA;6,170768121;NA;90;3;2;"M";"Adult";"0";0;"D";2;0,502734543150779;0,325551291731798;0,379347690724224;1,00702872822001
"324";"10755";"Schor Wilhelminapolder, Zeeland";509;92;4,599999905;-0,330835772668956;-5,48976382996224;0,19375;0,0375390625;2;"2017_2018";"Oosterschelde";2,43187440190775;1,36886527514938;7,248749051;10,7294117647613;90;3;2;"M";"Adult";"1";1;"D";2;0,523056643849911;0,349178519186523;0,280467828300246;1,00702872822001
"325";"10756";"Schor Wilhelminapolder, Zeeland";466;96;3,900000095;-0,059079135080735;-5,94745460618729;0,196527778;0,0386231675256173;2;"2017_2018";"Oosterschelde";2,43187440190775;0,60332730354671;5,827182386;13,8628603727561;90;3;2;"M";"Adult";"0";0;"D";2;0,563700845248175;0,396942914297806;-0,411691685268988;1,00702872822001
"326";"10742";"Schor Wilhelminapolder, Zeeland";534;102;4,900000095;-0,270356075938604;-5,64734778033363;0,197222222;0,0388966048506173;2;"2017_2018";"Oosterschelde";2,43187440190775;0,534004316553071;10,5435612;14,725035971397;90;3;2;"M";"Adult";"1";1;"D";2;0,573861888281786;0,408990241928296;0,577107888218374;1,00702872822001
"328";"10735";"Schor Wilhelminapolder, Zeeland";602;102;5;-0,315687810282674;-5,29050918341903;0,2;0,04;2;"2017_2018";"Oosterschelde";2,43187440190775;0,420403304182328;7,949819192;12,2108843538436;90;3;2;"M";"Adult";"1";1;"D";2;0,61450608968005;0,457604537253586;0,67598775163115;1,00702872822001
"329";"10758";"Schor Wilhelminapolder, Zeeland";508;101;3,400000095;-0,194466471876442;-5,9311836180198;0,200694444;0,0402782598524691;2;"2017_2018";"Oosterschelde";2,43187440190775;NA;12,72013474;NA;90;3;1;"F";"Adult";"0";0;"D";2;0,62466713271366;0,469864339784596;-0,90609147201267;1,00702872822001
"330";"10784";"Schor Wilhelminapolder, Zeeland";541;94;5,400000095;-0,178499709001797;-5,73898872924715;0,202777778;0,0411188272506173;2;"2017_2018";"Oosterschelde";2,43187440190775;1,08442814807386;5,250209122;14,5945185175187;90;3;2;"M";"Adult";"1";1;"D";2;0,655150291078313;0,506898752847989;1,07150767496206;1,00702872822001
"331";"10809";"Schor Wilhelminapolder, Zeeland";516;97;2,5;-0,174092689750825;-5,72711915601342;0,203472222;0,0414009451256173;2;"2017_2018";"Oosterschelde";2,43187440190775;0,860843765606103;5,20187245;14,254832247671;90;3;1;"F";"Adult";"1";1;"D";2;0,665311334111924;0,519328535323892;-1,79601118208726;1,00702872822001
"332";"10769";"Schor Wilhelminapolder, Zeeland";506;97;5,099999905;NA;NA;0,204861111;0,0419680748001543;2;"2017_2018";"Oosterschelde";2,43187440190775;NA;7,467325664;NA;90;3;2;"M";"Adult";"1";1;"D";2;0,685633434811056;0,544315603194458;0,774867615043927;1,00702872822001
"333";"10795";"Schor Wilhelminapolder, Zeeland";485;95;4,599999905;-0,164689226100653;-5,52039368285361;0,20625;0,0425390625;2;"2017_2018";"Oosterschelde";2,43187440190775;0,923493069357074;5,894889565;10,6127227728535;90;3;2;"M";"Adult";"0";0;"D";2;0,705955535510188;0,569472651132302;0,280467828300246;1,00702872822001
"334";"10796";"Schor Wilhelminapolder, Zeeland";510;101;3,400000095;-0,301809451601626;-5,5837854518339;0,207638889;0,0431139082251543;2;"2017_2018";"Oosterschelde";2,43187440190775;NA;8,390728754;NA;90;3;1;"F";"Adult";"1";1;"D";2;0,72627763620932;0,594799679137425;-0,90609147201267;1,00702872822001
"336";"10798";"Schor Wilhelminapolder, Zeeland";514;98;3;NA;NA;0,211111111;0,0445679011876543;2;"2017_2018";"Oosterschelde";2,43187440190775;NA;10,23174248;NA;90;3;1;"F";"Adult";"0";0;"D";2;0,777082880641194;0,658860902643267;-1,30161139534357;1,00702872822001
"337";"10799";"Schor Wilhelminapolder, Zeeland";533;98;4,599999905;-0,110665568068978;-5,3426000331031;0,213194444;0,0454518709524691;2;"2017_2018";"Oosterschelde";2,43187440190775;NA;9,758167054;14,1524532106611;90;3;2;"M";"Adult";"1";1;"D";2;0,807566024373937;0,697807573044507;0,280467828300246;1,00702872822001
"383";"10479";"Prunjepolder, Oosterschelde";563;96;5,5;-0,269228500630312;-4,78451111464103;0,060416667;0,00365017365138889;2;"2017_2018";"Oosterschelde";2,43187440190775;NA;36,56001817;NA;79;3;2;"M";"Adult";"1";1;"D";1;-1,42786486231574;-1,14392615111584;1,17038753837483;-0,988380048067788
"384";"10478";"Prunjepolder, Oosterschelde";541;101;3,799999952;NA;NA;0,064583333;0,00417100690138889;2;"2017_2018";"Oosterschelde";2,43187440190775;NA;16,66661559;NA;79;3;2;"M";"Adult";"1";1;"D";1;-1,36689857485025;-1,12097884937639;-0,510571784016064;-0,988380048067788
"386";"10476";"Prunjepolder, Oosterschelde";517;98;5,5;-0,220449342388914;-4,78691686539681;0,073611111;0,00541859566265432;2;"2017_2018";"Oosterschelde";2,43187440190775;NA;23,65708731;NA;79;3;2;"M";"Adult";"0";0;"D";1;-1,23480492762185;-1,06601155273873;1,17038753837483;-0,988380048067788
"388";"10474";"Prunjepolder, Oosterschelde";504;93;6,400000095;-0,180594528452557;-4,59764191998648;0,072916667;0,00531684032638889;2;"2017_2018";"Oosterschelde";2,43187440190775;NA;30,7769021;NA;79;3;2;"M";"Adult";"0";0;"D";1;-1,24496597065546;-1,07049477343342;2,06030724844942;-0,988380048067788
"389";"10482";"Prunjepolder, Oosterschelde";572;101;4,5;NA;NA;0,070833333;0,00501736106388889;2;"2017_2018";"Oosterschelde";2,43187440190775;NA;20,41560166;NA;79;3;2;"M";"Adult";"0";0;"D";1;-1,27544912902012;-1,08368947826706;0,181587964887469;-0,988380048067788
"390";"10472";"Prunjepolder, Oosterschelde";520;94;4,900000095;-0,122765875586813;-4,48777169186491;0,077777778;0,00604938275061729;2;"2017_2018";"Oosterschelde";2,43187440190775;NA;15,79560156;NA;79;3;2;"M";"Adult";"0";0;"D";1;-1,17383862552446;-1,03821981394165;0,577107888218374;-0,988380048067788
"391";"10471";"Prunjepolder, Oosterschelde";510;95;4,599999905;-0,326498048363383;-4,99608551338188;0,077777778;0,00604938275061729;2;"2017_2018";"Oosterschelde";2,43187440190775;NA;11,70189622;NA;79;3;2;"M";"Adult";"0";0;"D";1;-1,17383862552446;-1,03821981394165;0,280467828300246;-0,988380048067788
"392";"10470";"Prunjepolder, Oosterschelde";508;99;6,300000191;-0,183417447367394;-4,88914539651096;0,079861111;0,00637779705015432;2;"2017_2018";"Oosterschelde";2,43187440190775;1,46213325926478;16,45549439;13,7481399219306;79;3;2;"M";"Adult";"0";0;"D";1;-1,14335548179171;-1,02375026533463;1,96142738602544;-0,988380048067788
"393";"10469";"Prunjepolder, Oosterschelde";555;99;5,099999905;-0,342229518609646;-4,74002882292523;0,084027778;0,00706066747561728;2;"2017_2018";"Oosterschelde";2,43187440190775;0,65617105266588;17,47954414;11,6305451133899;79;3;2;"M";"Adult";"0";0;"D";1;-1,08238917969432;-0,993663795812872;0,774867615043927;-0,988380048067788
"394";"10453";"Prunjepolder, Oosterschelde";580;102;6,300000191;-0,238575402500244;-4,96847693715509;0,086111111;0,00741512343765432;2;"2017_2018";"Oosterschelde";2,43187440190775;0,990122596152823;15,5195568;11,403605769219;79;3;2;"M";"Adult";"0";0;"D";1;-1,05190603596158;-0,978046882118881;1,96142738602544;-0,988380048067788
"395";"10468";"Prunjepolder, Oosterschelde";554;98;6,300000191;-0,210379509488443;-4,83106856018135;0,090277778;0,00815007720061729;2;"2017_2018";"Oosterschelde";2,43187440190775;NA;22,49568885;NA;79;3;2;"M";"Adult";"1";1;"D";1;-0,990939733864179;-0,945665681872439;1,96142738602544;-0,988380048067788
"396";"10473";"Prunjepolder, Oosterschelde";580;108;2,5;NA;NA;0,094444444;0,00891975300246914;2;"2017_2018";"Oosterschelde";2,43187440190775;NA;12,42129024;NA;79;3;1;"F";"Adult";"0";0;"D";1;-0,929973446398694;-0,911754669342714;-1,79601118208726;-0,988380048067788
"397";"10490";"Prunjepolder, Oosterschelde";560;94;4,199999809;NA;NA;0,098611111;0,00972415121265432;2;"2017_2018";"Oosterschelde";2,43187440190775;NA;15,57838083;NA;79;3;2;"M";"Adult";"0";0;"D";1;-0,869007144301298;-0,876313828252417;-0,115052096019458;-0,988380048067788
"398";"10492";"Prunjepolder, Oosterschelde";493;98;3,099999905;-0,324432464622207;-5,14194199208041;0,1;0,01;2;"2017_2018";"Oosterschelde";2,43187440190775;NA;7,508868023;NA;79;3;1;"F";"Adult";"0";0;"D";1;-0,848685043602166;-0,864160254421094;-1,2027315319308;-0,988380048067788
"399";"10475";"Prunjepolder, Oosterschelde";NA;103;5,5;NA;NA;0,102777778;0,0105632716506173;2;"2017_2018";"Oosterschelde";2,43187440190775;NA;26,16168395;NA;79;3;1;"F";"Adult";"1";1;"D";1;-0,808040842203902;-0,839343166556614;1,17038753837483;-0,988380048067788
"400";"10497";"Prunjepolder, Oosterschelde";585;98;5,199999809;NA;NA;0,10625;0,0112890625;2;"2017_2018";"Oosterschelde";2,43187440190775;NA;31,83136356;NA;79;3;1;"F";"Adult";"0";0;"D";1;-0,757235597772028;-0,807365673528823;0,873747477467905;-0,988380048067788
"401";"10496";"Prunjepolder, Oosterschelde";552;98;5;-0,241994824122365;-5,21602212466978;0,107638889;0,0115861304251543;2;"2017_2018";"Oosterschelde";2,43187440190775;0,544334793168467;10,91400572;14,2392214106983;79;3;2;"M";"Adult";"0";0;"D";1;-0,736913497072896;-0,794277209388662;0,67598775163115;-0,988380048067788
"402";"10557";"Prunjepolder, Oosterschelde";557;98;5,699999809;-0,26733107821698;-4,85463104599592;0,200694444;0,0402782598524691;2;"2017_2018";"Oosterschelde";2,43187440190775;0,563803177846736;6,765665692;11,8130189644078;79;3;2;"M";"Adult";"1";1;"D";1;0,62466713271366;0,469864339784596;1,36814726421159;-0,988380048067788
"403";"10565";"Prunjepolder, Oosterschelde";468;91;3,400000095;-0,360993769801321;-5,18445520566841;0,202083333;0,0408376734763889;2;"2017_2018";"Oosterschelde";2,43187440190775;0,745234090891375;13,25946633;13,0201818178723;79;3;1;"F";"Adult";"0";0;"D";1;0,644989233412792;0,494511447520605;-0,90609147201267;-0,988380048067788
"404";"10555";"Prunjepolder, Oosterschelde";497;98;4,199999809;NA;NA;0,202777778;0,0411188272506173;2;"2017_2018";"Oosterschelde";2,43187440190775;NA;8,449791212;NA;79;3;2;"M";"Adult";"0";0;"D";1;0,655150291078313;0,506898752847989;-0,115052096019458;-0,988380048067788
"405";"10554";"Prunjepolder, Oosterschelde";532;98;6;-0,261258574967437;-4,98497554744456;0,203472222;0,0414009451256173;2;"2017_2018";"Oosterschelde";2,43187440190775;0,634235637749311;9,771612039;12,0038948387581;79;3;2;"M";"Adult";"0";0;"D";1;0,665311334111924;0,519328535323892;1,66478732511851;-0,988380048067788
"406";"10553";"Prunjepolder, Oosterschelde";558;97;4,800000191;NA;NA;0,206944444;0,0428260029024691;2;"2017_2018";"Oosterschelde";2,43187440190775;NA;6,66494898;NA;79;3;2;"M";"Adult";"1";1;"D";1;0,716116578543798;0,582114908508725;0,478228025794396;-0,988380048067788
"407";"10552";"Prunjepolder, Oosterschelde";525;98;4,699999809;-0,234285727888398;-4,89566081022627;0,207638889;0,0431139082251543;2;"2017_2018";"Oosterschelde";2,43187440190775;0,998399775404866;11,39305814;15,9743964064779;79;3;1;"F";"Adult";"1";1;"D";1;0,72627763620932;0,594799679137425;0,379347690724224;-0,988380048067788
"408";"10551";"Prunjepolder, Oosterschelde";567;99;5,199999809;NA;NA;0,209722222;0,0439834104006173;2;"2017_2018";"Oosterschelde";2,43187440190775;NA;8,296665955;NA;79;3;1;"F";"Adult";"1";1;"D";1;0,756760779942063;0,633108924531142;0,873747477467905;-0,988380048067788
"410";"10531";"Prunjepolder, Oosterschelde";524;94;4;-0,242352559196949;-4,51140880652494;0,213194444;0,0454518709524691;2;"2017_2018";"Oosterschelde";2,43187440190775;0,706186851268496;5,541405256;15,2885813161221;79;3;1;"F";"Adult";"0";0;"D";1;0,807566024373937;0,697807573044507;-0,312811821856212;-0,988380048067788
"411";"10506";"Prunjepolder, Oosterschelde";493;96;5;-0,18138595734253;-5,07090334617304;0,213888889;0,0457484568376543;2;"2017_2018";"Oosterschelde";2,43187440190775;0,57329984214038;5,908433705;13,3584429236593;79;3;2;"M";"Adult";"1";1;"D";1;0,817727082039458;0,710874799069354;0,67598775163115;-0,988380048067788
"413";"10513";"Prunjepolder, Oosterschelde";479;98;3,900000095;NA;NA;0,216666667;0,0469444445888889;2;"2017_2018";"Oosterschelde";2,43187440190775;NA;4,344258476;NA;79;3;1;"F";"Adult";"1";1;"D";1;0,858371283437723;0,763568615764556;-0,411691685268988;-0,988380048067788
"414";"10512";"Prunjepolder, Oosterschelde";520;100;6;-0,226699562263058;-5,27754760545922;0,218055556;0,0475482255024691;2;"2017_2018";"Oosterschelde";2,43187440190775;1,06827840322858;7,335806809;13,7842374610139;79;3;2;"M";"Adult";"0";0;"D";1;0,878693384136855;0,790170494213074;1,66478732511851;-0,988380048067788
"415";"10511";"Prunjepolder, Oosterschelde";596;103;4,900000095;-0,330585538276306;-4,86290838159922;0,21875;0,0478515625;2;"2017_2018";"Oosterschelde";2,43187440190775;1,17373931622778;6,029791767;15,1506410254921;79;3;2;"M";"Adult";"0";0;"D";1;0,888854427170465;0,803535166324694;0,577107888218374;-0,988380048067788
"416";"10510";"Prunjepolder, Oosterschelde";548;99;5,099999905;-0,340992137305002;-5,14012343547593;0,220138889;0,0484611304501543;2;"2017_2018";"Oosterschelde";2,43187440190775;1,19251588973501;11,34913874;11,7523305075334;79;3;2;"M";"Adult";"0";0;"D";1;0,909176527869597;0,830392014812937;0,774867615043927;-0,988380048067788
"417";"10484";"Prunjepolder, Oosterschelde";576;99;3,5;NA;NA;0,222222222;0,0493827159506173;2;"2017_2018";"Oosterschelde";2,43187440190775;NA;16,7766559;NA;79;3;1;"F";"Adult";"1";1;"D";1;0,939659671602339;0,870995990380598;-0,807211608599893;-0,988380048067788
"419";"10454";"Prunjepolder, Oosterschelde";500;97;5,400000095;-0,109690865587656;-5,03783768822428;0,225694444;0,0509379820524691;2;"2017_2018";"Oosterschelde";2,43187440190775;0,961705849354124;9,624466549;18,2359392592099;79;3;1;"F";"Adult";"0";0;"D";1;0,990464916034214;0,939519189551028;1,07150767496206;-0,988380048067788
"420";"10449";"Prunjepolder, Oosterschelde";530;100;5,699999809;NA;NA;0,226388889;0,0512519290626543;2;"2017_2018";"Oosterschelde";2,43187440190775;NA;7,303737792;NA;79;3;2;"M";"Adult";"0";0;"D";1;1,00062597369974;0,953351326368172;1,36814726421159;-0,988380048067788
"421";"10448";"Prunjepolder, Oosterschelde";512;96;4,099999905;NA;NA;0,227083333;0,0515668401263889;2;"2017_2018";"Oosterschelde";2,43187440190775;NA;15,90461429;NA;79;3;1;"F";"Adult";"0";0;"D";1;1,01078701673335;0,967225938253277;-0,213931958443435;-0,988380048067788
"423";"10442";"Prunjepolder, Oosterschelde";529;98;5,099999905;NA;NA;0,231944444;0,0537982251024691;2;"2017_2018";"Oosterschelde";2,43187440190775;NA;7,617780983;NA;79;3;2;"M";"Adult";"0";0;"D";1;1,08191436186435;1,06553814152177;0,774867615043927;-0,988380048067788
"424";"10444";"Prunjepolder, Oosterschelde";515;101;3,5;NA;NA;0,233333333;0,0544444442888889;2;"2017_2018";"Oosterschelde";2,43187440190775;NA;17,83341656;NA;79;3;1;"F";"Adult";"0";0;"D";1;1,10223646256348;1,09400980046558;-0,807211608599893;-0,988380048067788
"508";"10810";"Schor Wilhelminapolder, Zeeland";556;104;3,5;-0,427515817768508;-5,07812996827515;0,214583333;0,0460460068013889;2;"2017_2018";"Oosterschelde";2,43187440190775;0,55417627856795;6,566992055;9,01371055502087;90;3;1;"F";"Adult";"1";1;"D";2;0,827888125073069;0,723984501263635;-0,807211608599893;1,00702872822001
"509";"10801";"Schor Wilhelminapolder, Zeeland";528;98;4,099999905;NA;NA;0,216666667;0,0469444445888889;2;"2017_2018";"Oosterschelde";2,43187440190775;NA;4,51648545;NA;90;3;2;"M";"Adult";"0";0;"D";2;0,858371283437723;0,763568615764556;-0,213931958443435;1,00702872822001
"510";"10793";"Schor Wilhelminapolder, Zeeland";558;98;4,599999905;-0,132410693169;-5,34654715053319;0,217361111;0,0472458525751543;2;"2017_2018";"Oosterschelde";2,43187440190775;1,75842925026812;4,414392447;12,1140443506092;90;3;1;"F";"Adult";"1";1;"D";2;0,868532326471333;0,776848297903729;0,280467828300246;1,00702872822001
"512";"10804";"Schor Wilhelminapolder, Zeeland";504;97;3,400000095;NA;NA;0,220138889;0,0484611304501543;2;"2017_2018";"Oosterschelde";2,43187440190775;NA;8,943801805;NA;90;3;2;"M";"Adult";"0";0;"D";2;0,909176527869597;0,830392014812937;-0,90609147201267;1,00702872822001
"513";"10805";"Schor Wilhelminapolder, Zeeland";502;97;2,400000095;-0,127660836638787;-5,43865885031839;0,221527778;0,0490745564256173;2;"2017_2018";"Oosterschelde";2,43187440190775;1,08047566975302;8,732074523;13,8376708582404;90;3;1;"F";"Adult";"0";0;"D";2;0,929498628568729;0,857418843368458;-1,89489104550003;1,00702872822001
"514";"10806";"Schor Wilhelminapolder, Zeeland";554;101;2,700000048;-0,0902035966909995;-5,65453387195698;0,223611111;0,0500019289626543;2;"2017_2018";"Oosterschelde";2,43187440190775;0,734038655491115;9,534525446;15,6055462191024;90;3;1;"F";"Adult";"0";0;"D";2;0,959981772301471;0,898277788975844;-1,5982512199274;1,00702872822001
"516";"10808";"Schor Wilhelminapolder, Zeeland";548;97;4,199999809;-0,167108102037904;-5,39783944234512;0,225694444;0,0509379820524691;2;"2017_2018";"Oosterschelde";2,43187440190775;NA;7,440689551;17,3128220506841;90;3;2;"M";"Adult";"0";0;"D";2;0,990464916034214;0,939519189551028;-0,115052096019458;1,00702872822001
"550";"10514";"Prunjepolder, Oosterschelde";506;95;4,5;NA;NA;0,165972222;0,0275467784756173;2;"2017_2018";"Oosterschelde";2,43187440190775;NA;16,88520503;NA;79;3;1;"F";"Adult";"0";0;"D";1;0,116614659131093;-0,0910697878748929;0,181587964887469;-0,988380048067788
"551";"10500";"Prunjepolder, Oosterschelde";620;97;4,699999809;NA;NA;0,167361111;0,0280097414751543;2;"2017_2018";"Oosterschelde";2,43187440190775;NA;15,83889808;NA;79;3;2;"M";"Adult";"0";0;"D";1;0,136936759830225;-0,0706721814536876;0,379347690724224;-0,988380048067788
"552";"10481";"Prunjepolder, Oosterschelde";546;94;5,800000191;NA;NA;0,170833333;0,0291840276638889;2;"2017_2018";"Oosterschelde";2,43187440190775;NA;15,80822781;NA;79;3;1;"F";"Adult";"0";0;"D";1;0,1877420042621;-0,0189345101330477;1,46702759928176;-0,988380048067788
"553";"10507";"Prunjepolder, Oosterschelde";564;102;2,700000048;-0,158266250544721;-5,00689497392041;0,173611111;0,0301408178626543;2;"2017_2018";"Oosterschelde";2,43187440190775;0,525489021998623;NA;11,2604790428276;79;3;1;"F";"Adult";"1";1;"D";1;0,228386205660364;0,0232205431252048;-1,5982512199274;-0,988380048067788
"554";"10515";"Prunjepolder, Oosterschelde";449;95;4,599999905;-0,321136788879884;-5,09870431217834;0,175694444;0,0308685376524691;2;"2017_2018";"Oosterschelde";2,43187440190775;0,550970277089305;10,32751026;12,9024685141166;79;3;2;"M";"Adult";"1";1;"D";1;0,258869349393106;0,0552830230046087;0,280467828300246;-0,988380048067788
"555";"10505";"Prunjepolder, Oosterschelde";476;95;4,099999905;NA;NA;0,176388889;0,0311130401626543;2;"2017_2018";"Oosterschelde";2,43187440190775;NA;14,02508504;NA;79;3;2;"M";"Adult";"1";1;"D";1;0,269030407058628;0,0660555166525704;-0,213931958443435;-0,988380048067788
"556";"10504";"Prunjepolder, Oosterschelde";550;98;4;-0,221713028772853;-5,19907842658871;0,177777778;0,0316049383506173;2;"2017_2018";"Oosterschelde";2,43187440190775;0,931398527931416;10,05126044;13,0977917990355;79;3;1;"F";"Adult";"1";1;"D";1;0,28935250775776;0,0877279735171711;-0,312811821856212;-0,988380048067788
"557";"10503";"Prunjepolder, Oosterschelde";471;95;5;-0,0978775755075991;-5,14289394657424;0,178472222;0,0318523340256173;2;"2017_2018";"Oosterschelde";2,43187440190775;0,873433117189712;7,180233044;14,8464348837986;79;3;2;"M";"Adult";"0";0;"D";1;0,29951355079137;0,0986279366114244;0,67598775163115;-0,988380048067788
"558";"10502";"Prunjepolder, Oosterschelde";502;92;2,5;-0,202064035578893;-5,0109130325669;0,179861111;0,0323500192501543;2;"2017_2018";"Oosterschelde";2,43187440190775;1,73801369860148;13,8609023;15,4490106542354;79;3;2;"M";"Adult";"1";1;"D";1;0,319835651490502;0,120555363515749;-1,79601118208726;-0,988380048067788
"559";"10501";"Prunjepolder, Oosterschelde";489;97;3,200000048;-0,162548445009859;-4,94739507572587;0,18125;0,0328515625;2;"2017_2018";"Oosterschelde";2,43187440190775;0,828497203853437;11,77857035;12,1837824096094;79;3;1;"F";"Adult";"0";0;"D";1;0,340157752189634;0,142652770487354;-1,10385143318372;-0,988380048067788
"560";"10523";"Prunjepolder, Oosterschelde";582;100;5;-0,216362161601527;-5,13327424489621;0,183333333;0,0336111109888889;2;"2017_2018";"Oosterschelde";2,43187440190775;0,70618135504731;8,014431309;13,5032093729977;79;3;1;"F";"Adult";"1";1;"D";1;0,370640895922376;0,176117585493455;0,67598775163115;-0,988380048067788
"563";"10530";"Prunjepolder, Oosterschelde";481;98;3;-0,241562617585312;-4,68319903333145;0,1875;0,03515625;2;"2017_2018";"Oosterschelde";2,43187440190775;0,749635956495792;7,516924183;11,4351247601053;79;3;1;"F";"Adult";"0";0;"D";1;0,431607198019773;0,244194596931112;-1,30161139534357;-0,988380048067788
"564";"10529";"Prunjepolder, Oosterschelde";629;97;5,699999809;NA;NA;0,190972222;0,0364703895756173;2;"2017_2018";"Oosterschelde";2,43187440190775;NA;9,770510627;NA;79;3;2;"M";"Adult";"1";1;"D";1;0,482412442451647;0,302094044344352;1,36814726421159;-0,988380048067788
"565";"10489";"Prunjepolder, Oosterschelde";466;96;5,099999905;-0,417983326323353;-4,8851302116895;0,193055556;0,0372704477024691;2;"2017_2018";"Oosterschelde";2,43187440190775;0,863141472924647;10,27938022;13,26618217141;79;3;2;"M";"Adult";"0";0;"D";1;0,512895600816301;0,337343666456551;0,774867615043927;-0,988380048067788
"566";"10488";"Prunjepolder, Oosterschelde";527;96;4,900000095;NA;NA;0,19375;0,0375390625;2;"2017_2018";"Oosterschelde";2,43187440190775;NA;9,877270712;NA;79;3;2;"M";"Adult";"0";0;"D";1;0,523056643849911;0,349178519186523;0,577107888218374;-0,988380048067788
"567";"10487";"Prunjepolder, Oosterschelde";565;93;4,699999809;-0,174180958339519;-5,03469143655752;0,195833333;0,0383506943138889;2;"2017_2018";"Oosterschelde";2,43187440190775;1,35017015716624;8,182190354;14,7121989539493;79;3;2;"M";"Adult";"0";0;"D";1;0,553539787582653;0,384938064366569;0,379347690724224;-0,988380048067788
"568";"10486";"Prunjepolder, Oosterschelde";544;97;5;-0,265991436302338;-5,05276552356687;0,196527778;0,0386231675256173;2;"2017_2018";"Oosterschelde";2,43187440190775;0,978995358491073;8,036324177;13,577307891482;79;3;2;"M";"Adult";"1";1;"D";1;0,563700845248175;0,396942914297806;0,67598775163115;-0,988380048067788
"569";"10485";"Prunjepolder, Oosterschelde";540;102;6;NA;NA;0,197222222;0,0388966048506173;2;"2017_2018";"Oosterschelde";2,43187440190775;NA;7,243467434;NA;79;3;2;"M";"Adult";"0";0;"D";1;0,573861888281786;0,408990241928296;1,66478732511851;-0,988380048067788
"570";"10443";"Prunjepolder, Oosterschelde";520;98;5;-0,213706900726257;-4,98578357739177;0,236805556;0,0560768713524691;2;"2017_2018";"Oosterschelde";2,43187440190775;0,64417391302838;8,322898065;11,8952569167172;79;3;1;"F";"Adult";"1";1;"D";1;1,15304172162727;1,16593262105282;0,67598775163115;-0,988380048067788
"571";"10538";"Prunjepolder, Oosterschelde";530;95;3,5;-0,314206336066394;-5,33030041207451;0,240277778;0,0577334106006173;2;"2017_2018";"Oosterschelde";2,43187440190775;0,546159775741808;11,10409414;13,0868955848676;79;3;1;"F";"Adult";"0";0;"D";1;1,20384696605914;1,2389177961938;-0,807211608599893;-0,988380048067788
"573";"10536";"Prunjepolder, Oosterschelde";551;93;4,800000191;NA;NA;0,242361111;0,0587389081251543;2;"2017_2018";"Oosterschelde";2,43187440190775;NA;6,959483379;NA;79;3;2;"M";"Adult";"1";1;"D";1;1,23433010979189;1,28321883706211;0,478228025794396;-0,988380048067788
"574";"10535";"Prunjepolder, Oosterschelde";600;101;5,099999905;-0,384381433214846;-4,88658264598043;0,244444444;0,0597530862024691;2;"2017_2018";"Oosterschelde";2,43187440190775;0,27747572337021;7,012873559;11,4054438440516;79;3;1;"F";"Adult";"1";1;"D";1;1,26481325352463;1,32790233289821;0,774867615043927;-0,988380048067788
"575";"10534";"Prunjepolder, Oosterschelde";540;98;4,199999809;-0,295124114359935;-5,07054354685754;0,253472222;0,0642481673256173;2;"2017_2018";"Oosterschelde";2,43187440190775;0,60316363641507;10,38266276;11,6400000009926;79;3;2;"M";"Adult";"0";0;"D";1;1,39690690075303;1,52595033170816;-0,115052096019458;-0,988380048067788
"576";"10556";"Prunjepolder, Oosterschelde";519;98;4,199999809;-0,373716409801497;-5,00511282683738;0,254861111;0,0649541859001543;2;"2017_2018";"Oosterschelde";2,43187440190775;NA;9,312332026;13,658922392456;79;3;1;"F";"Adult";"0";0;"D";1;1,41722900145216;1,55705668151121;-0,115052096019458;-0,988380048067788
"577";"10558";"Prunjepolder, Oosterschelde";518;95;4,5;-0,249791198690601;-4,97587130211177;0,25625;0,0656640625;2;"2017_2018";"Oosterschelde";2,43187440190775;0,291750000004822;7,364388091;14,0472222224544;79;3;2;"M";"Adult";"0";0;"D";1;1,4375511021513;1,58833301138154;0,181587964887469;-0,988380048067788
"578";"10541";"Prunjepolder, Oosterschelde";548;101;2,200000048;NA;NA;0,258333333;0,0667361109388889;2;"2017_2018";"Oosterschelde";2,43187440190775;NA;5,962023558;NA;79;3;1;"F";"Adult";"0";0;"D";1;1,46803424588404;1,63556620743131;-2,09265100667108;-0,988380048067788
"579";"10563";"Prunjepolder, Oosterschelde";605;96;5,699999809;NA;NA;0,259722222;0,0674556326006173;2;"2017_2018";"Oosterschelde";2,43187440190775;NA;9,200356284;NA;79;3;2;"M";"Adult";"1";1;"D";1;1,48835634658317;1,66726748740863;1,36814726421159;-0,988380048067788
"580";"10562";"Prunjepolder, Oosterschelde";509;97;3,799999952;-0,245068912039443;-5,03125458205641;0,261111111;0,0681790122876543;2;"2017_2018";"Oosterschelde";2,43187440190775;0,272330082872354;7,825986223;13,8870307160075;79;3;2;"M";"Adult";"1";1;"D";1;1,5086784472823;1,69913874745324;-0,510571784016064;-0,988380048067788
"581";"10561";"Prunjepolder, Oosterschelde";568;97;4,5;NA;NA;0,2625;0,06890625;2;"2017_2018";"Oosterschelde";2,43187440190775;NA;8,683902597;NA;79;3;2;"M";"Adult";"0";0;"D";1;1,52900054798143;1,73117998756513;0,181587964887469;-0,988380048067788
"582";"10560";"Prunjepolder, Oosterschelde";502;97;5,099999905;-0,282456717607753;-5,13018044554694;0,263888889;0,0696373457376543;2;"2017_2018";"Oosterschelde";2,43187440190775;0,533434739459251;NA;14,0004466502594;79;3;1;"F";"Adult";"0";0;"D";1;1,54932264868057;1,76339120774429;0,774867615043927;-0,988380048067788
"583";"10559";"Prunjepolder, Oosterschelde";448;96;4,5;NA;NA;0,265277778;0,0703722995006173;2;"2017_2018";"Oosterschelde";2,43187440190775;NA;9,730905953;NA;79;3;2;"M";"Adult";"0";0;"D";1;1,5696447493797;1,79577240799073;0,181587964887469;-0,988380048067788
"584";"10549";"Prunjepolder, Oosterschelde";485;97;4,199999809;NA;NA;0,26875;0,0722265625;2;"2017_2018";"Oosterschelde";2,43187440190775;NA;5,818623274;NA;79;3;2;"M";"Adult";"0";0;"D";1;1,62044999381157;1,87746905956037;-0,115052096019458;-0,988380048067788
"585";"10483";"Prunjepolder, Oosterschelde";464;96;5,199999809;-0,0705384666965566;-5,23167136229626;0,26875;0,0722265625;2;"2017_2018";"Oosterschelde";2,43187440190775;NA;3,440082936;NA;79;3;2;"M";"Adult";"0";0;"D";1;1,62044999381157;1,87746905956037;0,873747477467905;-0,988380048067788
"586";"10491";"Prunjepolder, Oosterschelde";577;95;4,599999905;-0,270060471213613;-5,07517381591808;0,270833333;0,0733506942638889;2;"2017_2018";"Oosterschelde";2,43187440190775;0,294171882506279;7,586388818;13,3714492048308;79;3;2;"M";"Adult";"0";0;"D";1;1,65093313754432;1,92699698578409;0,280467828300246;-0,988380048067788
"587";"10499";"Prunjepolder, Oosterschelde";529;101;4,099999905;-0,259009816879658;-5,0726137223916;0,271527778;0,0737273342256173;2;"2017_2018";"Oosterschelde";2,43187440190775;0,759630831580695;10,26837493;14,3326571996357;79;3;1;"F";"Adult";"0";0;"D";1;1,66109419520984;1,9435913004691;-0,213931958443435;-0,988380048067788
"628";"10811";"Schor Wilhelminapolder, Zeeland";503;97;2,099999905;-0,278504457908723;-5,26421295444462;0,06875;0,0047265625;2;"2017_2018";"Oosterschelde";2,43187440190775;0,306719806740274;4,704196416;10,6376811586222;90;3;1;"F";"Adult";"0";0;"D";2;-1,30593227275286;-1,09650172170766;-2,19153110541816;1,00702872822001
"629";"10823";"Schor Wilhelminapolder, Zeeland";524;96;4,5;-0,0989818334475042;-5,14412282606744;0,070138889;0,00491946375015432;2;"2017_2018";"Oosterschelde";2,43187440190775;0,595461176499871;8,71282063;19,6560000009666;90;3;2;"M";"Adult";"0";0;"D";2;-1,28561017205373;-1,08800271901686;0,181587964887469;1,00702872822001
"630";"10832";"Schor Wilhelminapolder, Zeeland";525;102;4,5;-0,4532180744459;-5,23976091693094;0,072222222;0,00521604935061728;2;"2017_2018";"Oosterschelde";2,43187440190775;0,52133985863143;7,13813604;9,89885807528031;90;3;2;"M";"Adult";"0";0;"D";2;-1,25512702832098;-1,07493550553654;0,181587964887469;1,00702872822001
"631";"10820";"Schor Wilhelminapolder, Zeeland";553;94;3,700000048;-0,209206995584344;-5,00119695294902;0,072916667;0,00531684032638889;2;"2017_2018";"Oosterschelde";2,43187440190775;0,493191643470527;NA;10,0838440114792;90;3;2;"M";"Adult";"1";1;"D";2;-1,24496597065546;-1,07049477343342;-0,609451646440041;1,00702872822001
"632";"10819";"Schor Wilhelminapolder, Zeeland";518;101;2,700000048;-0,28636838170296;-5,20303659803095;0,075694444;0,00572964885246914;2;"2017_2018";"Oosterschelde";2,43187440190775;0,355351535840616;6,115157367;8,6627986349205;90;3;1;"F";"Adult";"1";1;"D";2;-1,20432178388911;-1,05230691425089;-1,5982512199274;1,00702872822001
"633";"10818";"Schor Wilhelminapolder, Zeeland";519;90;3,599999905;-0,191675318775851;-5,19203049549378;0,077083333;0,00594184022638889;2;"2017_2018";"Oosterschelde";2,43187440190775;0,621492917793186;13,36271276;12,5405099139278;90;3;1;"F";"Adult";"0";0;"D";2;-1,18399968318998;-1,04295801134608;-0,708331745187117;1,00702872822001
"634";"10817";"Schor Wilhelminapolder, Zeeland";502;96;3,5;-0,0775487578660068;-4,95214607134937;0,078472222;0,00615788962561728;2;"2017_2018";"Oosterschelde";2,43187440190775;NA;11,46929705;NA;90;3;1;"F";"Adult";"0";0;"D";2;-1,16367758249085;-1,033439128374;-0,807211608599893;1,00702872822001
"636";"10815";"Schor Wilhelminapolder, Zeeland";507;98;4,5;NA;NA;0,083333333;0,00694444438888889;2;"2017_2018";"Oosterschelde";2,43187440190775;NA;12,33007405;NA;90;3;2;"M";"Adult";"0";0;"D";2;-1,09255023735984;-0,998784448613451;0,181587964887469;1,00702872822001
"637";"10814";"Schor Wilhelminapolder, Zeeland";506;99;4,300000191;-0,0953681188269953;-5,45684620381569;0,084722222;0,00717785490061728;2;"2017_2018";"Oosterschelde";2,43187440190775;0,588942757030657;8,681355207;12,8951518696255;90;3;2;"M";"Adult";"0";0;"D";2;-1,07222813666071;-0,988500655399805;-0,016171760949285;1,00702872822001
"638";"10813";"Schor Wilhelminapolder, Zeeland";548;99;3,299999952;NA;NA;0,084722222;0,00717785490061728;2;"2017_2018";"Oosterschelde";2,43187440190775;NA;6,174006243;NA;90;3;1;"F";"Adult";"1";1;"D";2;-1,07222813666071;-0,988500655399805;-1,00497157075975;1,00702872822001
"639";"10812";"Schor Wilhelminapolder, Zeeland";528;91;2,200000048;-0,169787820755623;-5,94738203537748;0,086111111;0,00741512343765432;2;"2017_2018";"Oosterschelde";2,43187440190775;0,818913699412519;2,176028184;11,116475557636;90;3;1;"F";"Adult";"0";0;"D";2;-1,05190603596158;-0,978046882118881;-2,09265100667108;1,00702872822001
"640";"10821";"Schor Wilhelminapolder, Zeeland";544;97;4,599999905;-0,405215388926323;-5,01517044883795;0,086805556;0,00753520455246914;2;"2017_2018";"Oosterschelde";2,43187440190775;0,960651515200499;NA;10,1121212126368;90;3;2;"M";"Adult";"0";0;"D";2;-1,04174497829605;-0,972756249128639;0,280467828300246;1,00702872822001
"641";"10835";"Schor Wilhelminapolder, Zeeland";530;99;3,900000095;0;-4,97861285316537;0,088194444;0,00777825995246914;2;"2017_2018";"Oosterschelde";2,43187440190775;0,444071833650609;9,616722325;22,7105229994832;90;3;2;"M";"Adult";"0";0;"D";2;-1,02142289222883;-0,962047513457092;-0,411691685268988;1,00702872822001
"642";"10845";"Schor Wilhelminapolder, Zeeland";529;95;4,800000191;-0,268813588012191;-5,5053315349283;0,089583333;0,00802517355138889;2;"2017_2018";"Oosterschelde";2,43187440190775;0,737446043214277;7,644085174;11,9057553964715;90;3;2;"M";"Adult";"1";1;"D";2;-1,0011007915297;-0,951168790069165;0,478228025794396;1,00702872822001
"643";"10847";"Schor Wilhelminapolder, Zeeland";544;99;3;NA;NA;0,091666667;0,00840277783888889;2;"2017_2018";"Oosterschelde";2,43187440190775;NA;9,022147784;NA;90;3;1;"F";"Adult";"1";1;"D";2;-0,970617633165047;-0,934531988322402;-1,30161139534357;1,00702872822001
"644";"10844";"Schor Wilhelminapolder, Zeeland";558;96;4,5;-0,320324250306438;-5,33175214222028;0,09375;0,0087890625;2;"2017_2018";"Oosterschelde";2,43187440190775;0,442053601324084;8,728003252;11,8345058622196;90;3;2;"M";"Adult";"0";0;"D";2;-0,940134489432304;-0,917512739501713;0,181587964887469;1,00702872822001
"645";"10849";"Schor Wilhelminapolder, Zeeland";489;98;4,900000095;-0,0741079720795462;-5,54322240902133;0,119444444;0,0142669752024691;2;"2017_2018";"Oosterschelde";2,43187440190775;1,17562500004783;7,395458157;12,4363636368696;90;3;2;"M";"Adult";"0";0;"D";2;-0,56417566307814;-0,676162334768673;0,577107888218374;1,00702872822001
"646";"10850";"Schor Wilhelminapolder, Zeeland";488;93;4,599999905;-0,135769921116068;-5,18458860134037;0,120138889;0,0144333526501543;2;"2017_2018";"Oosterschelde";2,43187440190775;0,458056239012984;8,809111628;11,9246045693463;90;3;2;"M";"Adult";"1";1;"D";2;-0,554014605412619;-0,668831939686041;0,280467828300246;1,00702872822001
"647";"10852";"Schor Wilhelminapolder, Zeeland";562;93;2,5;NA;NA;0,121527778;0,0147690008256173;2;"2017_2018";"Oosterschelde";2,43187440190775;NA;8,373234532;NA;90;3;1;"F";"Adult";"1";1;"D";2;-0,533692504713487;-0,654043674995481;-1,79601118208726;1,00702872822001
"648";"10853";"Schor Wilhelminapolder, Zeeland";612;100;4,599999905;NA;NA;0,122916667;0,0151085070263889;2;"2017_2018";"Oosterschelde";2,43187440190775;NA;5,311624228;NA;90;3;2;"M";"Adult";"0";0;"D";2;-0,513370404014355;-0,639085430237643;0,280467828300246;1,00702872822001
"672";"10800";"Schor Wilhelminapolder, Zeeland";465;95;3,299999952;-0,0617324435846985;-4,87773862102615;0,039583333;0,00156684025138889;2;"2017_2018";"Oosterschelde";2,43187440190775;1,4255573465141;11,25991001;11,4202107869914;90;3;2;"M";"Adult";"0";0;"D";2;-1,73269635817081;-1,23571537569717;-1,00497157075975;1,00702872822001
"673";"10778";"Schor Wilhelminapolder, Zeeland";548;94;4,400000095;-0,449122253083726;-5,1793226603328;0,042361111;0,00179446372515432;2;"2017_2018";"Oosterschelde";2,43187440190775;2,57262268527908;8,142417796;6,94409722247567;90;3;2;"M";"Adult";"0";0;"D";2;-1,69205215677254;-1,22568655258444;0,0827081014746927;1,00702872822001
"674";"10779";"Schor Wilhelminapolder, Zeeland";594;96;5,099999905;-0,105876844644876;-5,09098564722683;0,043055556;0,00185378090246914;2;"2017_2018";"Oosterschelde";2,43187440190775;0,812945358368503;8,697814906;16,7201527607706;90;3;1;"F";"Adult";"1";1;"D";2;-1,68189109910702;-1,22307310736723;0,774867615043927;1,00702872822001
"675";"10780";"Schor Wilhelminapolder, Zeeland";513;97;5,300000191;-0,149531733826878;-4,70652268031565;0,044444444;0,00197530860246914;2;"2017_2018";"Oosterschelde";2,43187440190775;0,495875706247748;NA;10,9774011306753;90;3;2;"M";"Adult";"0";0;"D";2;-1,6615690130398;-1,21771873953146;0,972627812538077;1,00702872822001
"676";"10781";"Schor Wilhelminapolder, Zeeland";593;98;4,699999809;-0,094297581897953;-4,97453697406795;0,045138889;0,00203751930015432;2;"2017_2018";"Oosterschelde";2,43187440190775;1,16316727047897;9,391147141;11,0317028980534;90;3;2;"M";"Adult";"1";1;"D";2;-1,65140795537428;-1,2149778092026;0,379347690724224;1,00702872822001
"677";"10782";"Schor Wilhelminapolder, Zeeland";534;96;2,5;-0,156483749878166;-4,84085021094512;0,046527778;0,00216483412561728;2;"2017_2018";"Oosterschelde";2,43187440190775;NA;7,888804716;NA;90;3;1;"F";"Adult";"1";1;"D";2;-1,63108585467515;-1,20936846741076;-1,79601118208726;1,00702872822001
"678";"10783";"Schor Wilhelminapolder, Zeeland";510;94;2,5;-0,170676912245412;-5,16237705891251;0,047916667;0,00229600697638889;2;"2017_2018";"Oosterschelde";2,43187440190775;0,778586264724955;7,985154053;10,6170854280676;90;3;1;"F";"Adult";"0";0;"D";2;-1,61076375397602;-1,20358914555165;-1,79601118208726;1,00702872822001
"679";"10785";"Schor Wilhelminapolder, Zeeland";605;98;5,300000191;NA;NA;0,048611111;0,00236304011265432;2;"2017_2018";"Oosterschelde";2,43187440190775;NA;10,45067735;NA;90;3;2;"M";"Adult";"1";1;"D";2;-1,60060271094241;-1,20063574423861;0,972627812538077;1,00702872822001
"681";"10787";"Schor Wilhelminapolder, Zeeland";522;98;4,300000191;NA;NA;0,050694444;0,00256992665246914;2;"2017_2018";"Oosterschelde";2,43187440190775;NA;7,729604031;NA;90;3;2;"M";"Adult";"0";0;"D";2;-1,57011956720966;-1,19152056609865;-0,016171760949285;1,00702872822001
"682";"10788";"Schor Wilhelminapolder, Zeeland";552;101;3,099999905;-0,27781954751675;-4,58586743421875;0,052083333;0,00271267357638889;2;"2017_2018";"Oosterschelde";2,43187440190775;NA;10,5903725;NA;90;3;1;"F";"Adult";"1";1;"D";2;-1,54979746651053;-1,18523130416009;-1,2027315319308;1,00702872822001
"684";"10790";"Schor Wilhelminapolder, Zeeland";503;96;1,899999976;-0,311704115489158;-4,89245217836332;0,054861111;0,00300974150015432;2;"2017_2018";"Oosterschelde";2,43187440190775;0,761598536266183;NA;9,30062728619993;90;3;1;"F";"Adult";"1";1;"D";2;-1,50915326511227;-1,17214284008112;-2,38929094991086;1,00702872822001
"685";"10791";"Schor Wilhelminapolder, Zeeland";531;98;4;-0,203104971094576;-5,10594547315609;0,05625;0,0031640625;2;"2017_2018";"Oosterschelde";2,43187440190775;0,403982300916863;12,12115979;10,8340707973159;90;3;2;"M";"Adult";"0";0;"D";2;-1,48883116441314;-1,16534363794072;-0,312811821856212;1,00702872822001
"686";"10792";"Schor Wilhelminapolder, Zeeland";464;95;4,699999809;-0,225544209364657;-5,12764201434154;0,057638889;0,00332224152515432;2;"2017_2018";"Oosterschelde";2,43187440190775;0,596089795951937;13,21116585;10,5406122454916;90;3;2;"M";"Adult";"1";1;"D";2;-1,468509063714;-1,15837445573304;0,379347690724224;1,00702872822001
"687";"10831";"Schor Wilhelminapolder, Zeeland";524;97;4,400000095;-0,147568800273653;-4,82831373685878;0,059722222;0,00356674380061728;2;"2017_2018";"Oosterschelde";2,43187440190775;0,457563025235077;12,75636256;14,9369747907319;90;3;2;"M";"Adult";"0";0;"D";2;-1,43802591998126;-1,14760197242666;0,0827081014746927;1,00702872822001
"688";"10830";"Schor Wilhelminapolder, Zeeland";497;97;4,900000095;-0,322698912821736;-4,96132325436208;0,060416667;0,00365017365138889;2;"2017_2018";"Oosterschelde";2,43187440190775;0,62998786276343;7,416306757;10,4707124005002;90;3;2;"M";"Adult";"0";0;"D";2;-1,42786486231574;-1,14392615111584;0,577107888218374;1,00702872822001
"689";"10829";"Schor Wilhelminapolder, Zeeland";538;98;3,599999905;-0,223411971678511;-5,27931441936507;0,061805556;0,00381992675246914;2;"2017_2018";"Oosterschelde";2,43187440190775;0,512213434449367;4,706135908;11,9879739977511;90;3;2;"M";"Adult";"0";0;"D";2;-1,40754276161661;-1,13644702870632;-0,708331745187117;1,00702872822001
"691";"10827";"Schor Wilhelminapolder, Zeeland";529;98;3,700000048;-0,383258422035857;-5,17257510782985;0,063888889;0,00408179013765432;2;"2017_2018";"Oosterschelde";2,43187440190775;0,529692695226114;9,943599787;8,31889168784602;90;3;1;"F";"Adult";"1";1;"D";2;-1,37705961788386;-1,12490963528077;-0,609451646440041;1,00702872822001
"692";"10826";"Schor Wilhelminapolder, Zeeland";512;92;3,900000095;-0,106710954653061;-5,20064328399368;0,065972222;0,00435233407561728;2;"2017_2018";"Oosterschelde";2,43187440190775;0,556440677992376;8,592550903;11,5125657515664;90;3;1;"F";"Adult";"1";1;"D";2;-1,34657647415112;-1,11298978688743;-0,411691685268988;1,00702872822001
"693";"10825";"Schor Wilhelminapolder, Zeeland";513;98;4,199999809;-0,171321333822062;-5,31351381303363;0,067361111;0,00453751927515432;2;"2017_2018";"Oosterschelde";2,43187440190775;0,306791002251226;7,199938678;8,9248291563993;90;3;2;"M";"Adult";"0";0;"D";2;-1,32625437345199;-1,10483074433118;-0,115052096019458;1,00702872822001
"694";"10834";"Schor Wilhelminapolder, Zeeland";507;91;2,5;-0,120720559073777;-5,09986642792481;0,068055556;0,00463155870246914;2;"2017_2018";"Oosterschelde";2,43187440190775;0,24614424831179;8,056960485;8,01399878224434;90;3;1;"F";"Adult";"0";0;"D";2;-1,31609331578647;-1,10068747752938;-1,79601118208726;1,00702872822001
"761";"10527";"Prunjepolder, Oosterschelde";502;101;4,099999905;-0,38701640256206;-5,07747379944325;0,225;0,050625;2;"2017_2018";"Oosterschelde";2,43187440190775;0,912843386830261;12,99697488;9,16236856669779;79;3;1;"F";"Adult";"0";0;"D";1;0,980303873000604;0,925729567638369;-0,213931958443435;-0,988380048067788
"764";"10521";"Prunjepolder, Oosterschelde";511;96;3,099999905;-0,329166268057672;-5,08840116357423;0,151388889;0,0229185957126543;2;"2017_2018";"Oosterschelde";2,43187440190775;1,42329226494343;10,6743812;11,8173228346951;79;3;2;"M";"Adult";"0";0;"D";1;-0,0967673762619263;-0,294982088725563;-1,2027315319308;-0,988380048067788
"765";"10532";"Prunjepolder, Oosterschelde";569;99;4,599999905;NA;NA;0,148611111;0,0220852623126543;2;"2017_2018";"Oosterschelde";2,43187440190775;NA;12,52607035;NA;79;3;1;"F";"Adult";"1";1;"D";1;-0,13741157766019;-0,331697780320448;0,280467828300246;-0,988380048067788
"766";"10522";"Prunjepolder, Oosterschelde";567;99;4,699999809;-0,0649340125721745;-5,04034819137163;0,15;0,0225;2;"2017_2018";"Oosterschelde";2,43187440190775;1,32601561559594;11,39913918;14,1232432430337;79;3;1;"F";"Adult";"0";0;"D";1;-0,117089476961058;-0,313424924556644;0,379347690724224;-0,988380048067788
"767";"10524";"Prunjepolder, Oosterschelde";553;98;4,400000095;NA;NA;0,146527778;0,0214703897256173;2;"2017_2018";"Oosterschelde";2,43187440190775;NA;9,39585146;NA;79;3;2;"M";"Adult";"0";0;"D";1;-0,167894721392933;-0,358788344884164;0,0827081014746927;-0,988380048067788
"768";"10520";"Prunjepolder, Oosterschelde";543;87;4,800000191;-0,0683772975970692;-4,978830493931;0,153472222;0,0235537229256173;2;"2017_2018";"Oosterschelde";2,43187440190775;2,56539603938866;14,8343597;15,6785090260575;79;3;1;"F";"Adult";"0";0;"D";1;-0,066284232529184;-0,266999129114599;0,478228025794396;-0,988380048067788
"769";"10519";"Prunjepolder, Oosterschelde";585;98;5,099999905;-0,326102733421568;-4,84092355323232;0,154166667;0,0237673612138889;2;"2017_2018";"Oosterschelde";2,43187440190775;1,30198113210495;9,863619798;10,2971698115539;79;3;2;"M";"Adult";"0";0;"D";1;-0,0561231748636621;-0,257586476861564;0,774867615043927;-0,988380048067788
"770";"10518";"Prunjepolder, Oosterschelde";478;95;6;NA;NA;0,155555556;0,0241975310024691;2;"2017_2018";"Oosterschelde";2,43187440190775;NA;9,582013891;NA;79;3;2;"M";"Adult";"0";0;"D";1;-0,03580107416453;-0,238633700828646;1,66478732511851;-0,988380048067788
"813";"10441";"Prunjepolder, Oosterschelde";551;100;3,5;-0,113243035924569;-5,16934698476835;0,110416667;0,0121918403513889;2;"2017_2018";"Oosterschelde";2,43187440190775;NA;11,28582548;NA;79;3;1;"F";"Adult";"0";0;"D";1;-0,696269295674632;-0,767590340906505;-0,807211608599893;-0,988380048067788
"814";"10445";"Prunjepolder, Oosterschelde";528;90;4,699999809;NA;NA;0,111805556;0,0125004823524691;2;"2017_2018";"Oosterschelde";2,43187440190775;NA;15,45795983;NA;79;3;2;"M";"Adult";"0";0;"D";1;-0,675947194975499;-0,753991936564509;0,379347690724224;-0,988380048067788
"815";"10459";"Prunjepolder, Oosterschelde";645;101;5,800000191;-0,295916558302327;-5,14249862974222;0,113194444;0,0128129821524691;2;"2017_2018";"Oosterschelde";2,43187440190775;0,981264619886125;11,12869105;10,9225146199174;79;3;2;"M";"Adult";"1";1;"D";1;-0,655625108908279;-0,740223562129662;1,46702759928176;-0,988380048067788
"816";"10465";"Prunjepolder, Oosterschelde";508;94;5,400000095;NA;NA;0,114583333;0,0131293402013889;2;"2017_2018";"Oosterschelde";2,43187440190775;NA;7,327056778;NA;79;3;1;"F";"Adult";"0";0;"D";1;-0,635303008209147;-0,726285197775495;1,07150767496206;-0,988380048067788
"817";"10464";"Prunjepolder, Oosterschelde";514;91;5,5;-0,138453469719537;-5,08935845033934;0,115277778;0,0132889661006173;2;"2017_2018";"Oosterschelde";2,43187440190775;1,19977152323961;10,20157559;10,4081125833089;79;3;2;"M";"Adult";"0";0;"D";1;-0,625141950543625;-0,719252267994178;1,17038753837483;-0,988380048067788
"818";"10463";"Prunjepolder, Oosterschelde";504;97;5,400000095;-0,212204148739788;-4,92544044764271;0,116666667;0,0136111111888889;2;"2017_2018";"Oosterschelde";2,43187440190775;0,936505228322333;14,2724222;12,8288387441415;79;3;2;"M";"Adult";"0";0;"D";1;-0,604819849844493;-0,7050589334779;1,07150767496206;-0,988380048067788
"819";"10462";"Prunjepolder, Oosterschelde";539;98;4;-0,311656617979674;-5,09534934887976;0,118055556;0,0139371143024691;2;"2017_2018";"Oosterschelde";2,43187440190775;1,39530398516657;11,53100779;11,3795180722493;79;3;1;"F";"Adult";"1";1;"D";1;-0,584497749145361;-0,690695618894344;-0,312811821856212;-0,988380048067788
"821";"10457";"Prunjepolder, Oosterschelde";511;92;5,5;-0,354171813805702;-4,6220851420809;0,121527778;0,0147690008256173;2;"2017_2018";"Oosterschelde";2,43187440190775;NA;13,12170195;12,6321110004447;79;3;2;"M";"Adult";"1";1;"D";1;-0,533692504713487;-0,654043674995481;1,17038753837483;-0,988380048067788
"823";"10446";"Prunjepolder, Oosterschelde";597;97;6,199999809;NA;NA;0,126388889;0,0159741512626543;2;"2017_2018";"Oosterschelde";2,43187440190775;NA;12,96942004;NA;79;3;2;"M";"Adult";"0";0;"D";1;-0,46256515958248;-0,600946161117251;1,86254705095527;-0,988380048067788
"824";"10450";"Prunjepolder, Oosterschelde";619;98;5,099999905;NA;NA;0,127083333;0,0161501735263889;2;"2017_2018";"Oosterschelde";2,43187440190775;NA;7,641921359;NA;79;3;1;"F";"Adult";"0";0;"D";1;-0,45240411654887;-0,593190826758743;0,774867615043927;-0,988380048067788
"825";"10458";"Prunjepolder, Oosterschelde";520;96;5,599999905;NA;NA;0,127777778;0,0163271605506173;2;"2017_2018";"Oosterschelde";2,43187440190775;NA;11,97337451;NA;79;3;2;"M";"Adult";"0";0;"D";1;-0,442243058883348;-0,585392986185131;1,26926740178761;-0,988380048067788
"826";"10466";"Prunjepolder, Oosterschelde";557;102;4,599999905;-0,25597384769911;-5,01865857732523;0,129861111;0,0168639081501543;2;"2017_2018";"Oosterschelde";2,43187440190775;1,33015872233894;14,07608748;12,745110564921;79;3;2;"M";"Adult";"0";0;"D";1;-0,411759915150606;-0,561744516882332;0,280467828300246;-0,988380048067788
"828";"10495";"Prunjepolder, Oosterschelde";512;93;5,400000095;NA;NA;0,131944444;0,0174093363024691;2;"2017_2018";"Oosterschelde";2,43187440190775;NA;13,34477403;NA;79;3;2;"M";"Adult";"1";1;"D";1;-0,381276771417863;-0,537713592611736;1,07150767496206;-0,988380048067788
"829";"10494";"Prunjepolder, Oosterschelde";545;96;3,700000048;NA;NA;0,133333333;0,0177777776888889;2;"2017_2018";"Oosterschelde";2,43187440190775;NA;10,63727466;NA;79;3;2;"M";"Adult";"0";0;"D";1;-0,360954670718731;-0,521480497532888;-0,609451646440041;-0,988380048067788
"830";"10493";"Prunjepolder, Oosterschelde";534;98;5,599999905;-0,296649224977426;-4,67107496074964;0,134722222;0,0181500771006173;2;"2017_2018";"Oosterschelde";2,43187440190775;1,55400616334735;17,5627819;12,5808936827437;79;3;2;"M";"Adult";"0";0;"D";1;-0,340632570019599;-0,505077422386762;1,26926740178761;-0,988380048067788
"849";"10855";"Schor Wilhelminapolder, Zeeland";478;98;3,400000095;-0,353321749995396;-5,4892328429156;0,125694444;0,0157990932524691;2;"2017_2018";"Oosterschelde";2,43187440190775;0,641169773274076;7,003485073;11,1433249365815;90;3;2;"M";"Adult";"0";0;"D";2;-0,472726217248002;-0,608659011596031;-0,90609147201267;1,00702872822001
"850";"10851";"Schor Wilhelminapolder, Zeeland";563;99;4,300000191;NA;NA;0,127083333;0,0161501735263889;2;"2017_2018";"Oosterschelde";2,43187440190775;NA;8,028437752;NA;90;3;1;"F";"Adult";"0";0;"D";2;-0,45240411654887;-0,593190826758743;-0,016171760949285;1,00702872822001
"851";"10848";"Schor Wilhelminapolder, Zeeland";481;95;3,900000095;-0,321599670246693;-4,84282857474336;0,127777778;0,0163271605506173;2;"2017_2018";"Oosterschelde";2,43187440190775;0,35671132075152;8,02356432;7,86863207540118;90;3;1;"F";"Adult";"1";1;"D";2;-0,442243058883348;-0,585392986185131;-0,411691685268988;1,00702872822001
"852";"10843";"Schor Wilhelminapolder, Zeeland";547;100;5,099999905;-0,288875389924452;-5,04625980536911;0,129166667;0,0166840278638889;2;"2017_2018";"Oosterschelde";2,43187440190775;0,36969651742632;5,671410106;10,9670737226947;90;3;1;"F";"Adult";"1";1;"D";2;-0,421920958184216;-0,569669831185733;0,774867615043927;1,00702872822001
"853";"10842";"Schor Wilhelminapolder, Zeeland";460;94;2,200000048;NA;NA;0,13125;0,0172265625;2;"2017_2018";"Oosterschelde";2,43187440190775;NA;7,021055008;NA;90;3;1;"F";"Adult";"0";0;"D";2;-0,391437814451474;-0,545766391843209;-2,09265100667108;1,00702872822001
"854";"10841";"Schor Wilhelminapolder, Zeeland";518;94;3,700000048;NA;NA;0,132638889;0,0175930748751543;2;"2017_2018";"Oosterschelde";2,43187440190775;NA;8,38988693;NA;90;3;2;"M";"Adult";"1";1;"D";2;-0,371115713752342;-0,529618286736808;-0,609451646440041;1,00702872822001
"855";"10840";"Schor Wilhelminapolder, Zeeland";575;94;3,900000095;NA;NA;0,134722222;0,0181500771006173;2;"2017_2018";"Oosterschelde";2,43187440190775;NA;6,471355577;NA;90;3;2;"M";"Adult";"1";1;"D";2;-0,340632570019599;-0,505077422386762;-0,411691685268988;1,00702872822001
"857";"10833";"Schor Wilhelminapolder, Zeeland";544;102;4,400000095;NA;NA;0,136805556;0,0187157601524691;2;"2017_2018";"Oosterschelde";2,43187440190775;NA;8,17173001;NA;90;3;2;"M";"Adult";"1";1;"D";2;-0,310149411654946;-0,480154091013933;0,0827081014746927;1,00702872822001
"858";"10838";"Schor Wilhelminapolder, Zeeland";516;98;5,099999905;-0,314710744917906;-5,08999400754935;0,139583333;0,0194835068513889;2;"2017_2018";"Oosterschelde";2,43187440190775;1,12079726511916;8,201976554;11,7150416166901;90;3;2;"M";"Adult";"1";1;"D";2;-0,269505224888593;-0,44632807249538;0,774867615043927;1,00702872822001
"860";"10837";"Schor Wilhelminapolder, Zeeland";558;100;3;NA;NA;0,141666667;0,0200694445388889;2;"2017_2018";"Oosterschelde";2,43187440190775;NA;7,590824341;NA;90;3;1;"F";"Adult";"1";1;"D";2;-0,239022066523939;-0,420512345646954;-1,30161139534357;1,00702872822001
"861";"10836";"Schor Wilhelminapolder, Zeeland";572;101;4,900000095;NA;NA;0,142361111;0,0202666859251543;2;"2017_2018";"Oosterschelde";2,43187440190775;NA;NA;NA;90;3;1;"F";"Adult";"0";0;"D";2;-0,228861023490329;-0,411822121652729;0,577107888218374;1,00702872822001
"862";"10822";"Schor Wilhelminapolder, Zeeland";481;93;4,800000191;-0,129685368464451;-5,2005995288701;0,14375;0,0206640625;2;"2017_2018";"Oosterschelde";2,43187440190775;0,829390485647666;8,716948811;13,0956392470684;90;3;2;"M";"Adult";"0";0;"D";2;-0,208538922791197;-0,394314176130486;0,478228025794396;1,00702872822001
"863";"10794";"Schor Wilhelminapolder, Zeeland";493;99;3,299999952;-0,293080858731535;-5,08225098615858;0,145138889;0,0210652971001543;2;"2017_2018";"Oosterschelde";2,43187440190775;NA;18,26567969;10,5898070254274;90;3;1;"F";"Adult";"1";1;"D";2;-0,188216822092065;-0,376636250540964;-1,00497157075975;1,00702872822001
"864";"10745";"Schor Wilhelminapolder, Zeeland";512;98;4;NA;NA;0,146527778;0,0214703897256173;2;"2017_2018";"Oosterschelde";2,43187440190775;NA;13,36584626;NA;90;3;1;"F";"Adult";"0";0;"D";2;-0,167894721392933;-0,358788344884164;-0,312811821856212;1,00702872822001
"865";"10824";"Schor Wilhelminapolder, Zeeland";532;97;3,299999952;NA;NA;0,147222222;0,0216743826506173;2;"2017_2018";"Oosterschelde";2,43187440190775;NA;9,33573147;NA;90;3;2;"M";"Adult";"0";0;"D";2;-0,157733678359322;-0,349800656016972;-1,00497157075975;1,00702872822001
"866";"10761";"Schor Wilhelminapolder, Zeeland";510;97;3,700000048;-0,26938786521217;-4,9764463447612;0,148611111;0,0220852623126543;2;"2017_2018";"Oosterschelde";2,43187440190775;1,53903465854249;13,34180194;10,5339959227386;90;3;1;"F";"Adult";"1";1;"D";2;-0,13741157766019;-0,331697780320448;-0,609451646440041;1,00702872822001
"867";"10762";"Schor Wilhelminapolder, Zeeland";457;99;3;-0,0962942703484298;-5,5895508176657;0,15;0,0225;2;"2017_2018";"Oosterschelde";2,43187440190775;0,885972482143956;9,808028904;11,338910292081;90;3;2;"M";"Adult";"0";0;"D";2;-0,117089476961058;-0,313424924556644;-1,30161139534357;1,00702872822001
"868";"10763";"Schor Wilhelminapolder, Zeeland";500;96;5,099999905;-0,00300752106696285;-5,27088571304817;0,151388889;0,0229185957126543;2;"2017_2018";"Oosterschelde";2,43187440190775;NA;10,56839418;NA;90;3;2;"M";"Adult";"1";1;"D";2;-0,0967673762619263;-0,294982088725563;0,774867615043927;1,00702872822001
"869";"10764";"Schor Wilhelminapolder, Zeeland";493;94;4,800000191;-0,305708906844403;-5,52837032528304;0,152083333;0,0231293401763889;2;"2017_2018";"Oosterschelde";2,43187440190775;1,00020848707668;11,85707633;9,61738929881425;90;3;2;"M";"Adult";"0";0;"D";2;-0,0866063332283161;-0,285696934985406;0,478228025794396;1,00702872822001
"945";"10786";"Schor Wilhelminapolder, Zeeland";562;97;2,599999905;-0,154248723689908;-4,55036194973226;0,036111111;0,00130401233765432;2;"2017_2018";"Oosterschelde";2,43187440190775;0,713970605928973;8,719479813;12,1204559096696;90;3;1;"F";"Adult";"1";1;"D";2;-1,78350160260268;-1,24729526511863;-1,69713131867448;1,00702872822001
"946";"10802";"Schor Wilhelminapolder, Zeeland";572;102;5,300000191;-0,164303051462921;-4,79579054577823;0,038194444;0,00145881555246914;2;"2017_2018";"Oosterschelde";2,43187440190775;1,42270769218994;11,30756493;10,3230769222225;90;3;2;"M";"Adult";"1";1;"D";2;-1,75301845886994;-1,24047481715262;0,972627812538077;1,00702872822001
"969";"10452";"Prunjepolder, Oosterschelde";535;96;4,400000095;-0,272270947524684;-5,23672187961466;0,284722222;0,0810667437006173;2;"2017_2018";"Oosterschelde";2,43187440190775;NA;4,854567791;NA;79;3;1;"F";"Adult";"0";0;"D";1;1,85415412990372;2,26695706832705;0,0827081014746927;-0,988380048067788
"972";"10564";"Prunjepolder, Oosterschelde";474;97;5;NA;NA;0,274305556;0,0752435380524691;2;"2017_2018";"Oosterschelde";2,43187440190775;NA;5,703476324;NA;79;3;2;"M";"Adult";"0";0;"D";1;1,7017383966081;2,01039346164694;0,67598775163115;-0,988380048067788
"973";"10547";"Prunjepolder, Oosterschelde";564;98;4,400000095;-0,172493467952247;-4,84306159397285;0,290972222;0,0846648339756173;2;"2017_2018";"Oosterschelde";2,43187440190775;0,569885177427745;8,551629606;16,8162839240974;79;3;1;"F";"Adult";"1";1;"D";1;1,94560357573386;2,42548470308579;0,0827081014746927;-0,988380048067788
"975";"10545";"Prunjepolder, Oosterschelde";464;97;4,5;-0,21108714275095;-5,28051274162128;0,296527778;0,0879287231256173;2;"2017_2018";"Oosterschelde";2,43187440190775;1,08307997822376;11,3073853;16,255331882279;79;3;1;"F";"Adult";"0";0;"D";1;2,02689197853039;2,56928782849909;0,181587964887469;-0,988380048067788
"976";"10544";"Prunjepolder, Oosterschelde";538;98;4,300000191;NA;NA;0,297222222;0,0883410492506173;2;"2017_2018";"Oosterschelde";2,43187440190775;NA;8,816059619;NA;79;3;1;"F";"Adult";"1";1;"D";1;2,037053021564;2,58745443365617;-0,016171760949285;-0,988380048067788
"977";"10543";"Prunjepolder, Oosterschelde";562;96;3,299999952;-0,0173397468441505;-5,21945451798826;0,297916667;0,0887543404763889;2;"2017_2018";"Oosterschelde";2,43187440190775;0,761593768727392;14,03730751;17,0356500899548;79;3;1;"F";"Adult";"1";1;"D";1;2,04721407922952;2,60566356002061;-1,00497157075975;-0,988380048067788
"978";"10542";"Prunjepolder, Oosterschelde";538;100;4,300000191;NA;NA;0,298611111;0,0891685956126543;2;"2017_2018";"Oosterschelde";2,43187440190775;NA;12,32885256;NA;79;3;1;"F";"Adult";"0";0;"D";1;2,05737512226313;2,62391515515014;-0,016171760949285;-0,988380048067788
"979";"10533";"Prunjepolder, Oosterschelde";570;108;5,199999809;NA;NA;0,3;0,09;2;"2017_2018";"Oosterschelde";2,43187440190775;NA;16,06343995;NA;79;3;2;"M";"Adult";"0";0;"D";1;2,07769722296226;2,66054585671139;0,873747477467905;-0,988380048067788
"980";"10540";"Prunjepolder, Oosterschelde";553;101;4,699999809;-0,247924594444539;-5,34105752094362;0,301388889;0,0908352624126543;2;"2017_2018";"Oosterschelde";2,43187440190775;0,488420091338881;15,15508211;12,9287671236763;79;3;2;"M";"Adult";"0";0;"D";1;2,0980193236614;2,69734653833991;0,379347690724224;-0,988380048067788
"981";"10548";"Prunjepolder, Oosterschelde";563;104;5,800000191;NA;NA;0,302777778;0,0916743828506173;2;"2017_2018";"Oosterschelde";2,43187440190775;NA;3,89076792;NA;79;3;2;"M";"Adult";"1";1;"D";1;2,11834142436053;2,73431720003571;1,46702759928176;-0,988380048067788
"1012";"10765";"Schor Wilhelminapolder, Zeeland";517;95;4,5;-0,187798713905856;-5,25980751157954;0,154166667;0,0237673612138889;2;"2017_2018";"Oosterschelde";2,43187440190775;NA;4,763193285;14,7698833513042;90;3;2;"M";"Adult";"0";0;"D";2;-0,0561231748636621;-0,257586476861564;0,181587964887469;1,00702872822001
"1013";"10766";"Schor Wilhelminapolder, Zeeland";510;95;2,5;-0,10585544279064;-5,06864211306998;0,155555556;0,0241975310024691;2;"2017_2018";"Oosterschelde";2,43187440190775;0,382554331475804;7,65104037;14,4178768144147;90;3;1;"F";"Adult";"1";1;"D";2;-0,03580107416453;-0,238633700828646;-1,79601118208726;1,00702872822001
"1016";"10760";"Schor Wilhelminapolder, Zeeland";544;99;2,900000095;-0,125409826055316;-5,0805570264072;0,159027778;0,0252898341756173;2;"2017_2018";"Oosterschelde";2,43187440190775;0,689348663071848;8,307110278;9,14053475896373;90;3;1;"F";"Adult";"1";1;"D";2;0,0150041702673444;-0,190508104958588;-1,40049125875635;1,00702872822001
"1017";"10770";"Schor Wilhelminapolder, Zeeland";459;92;4,599999905;NA;NA;0,160416667;0,0257335070513889;2;"2017_2018";"Oosterschelde";2,43187440190775;NA;9,360601296;NA;90;3;2;"M";"Adult";"0";0;"D";2;0,0353262709664765;-0,170960398751389;0,280467828300246;1,00702872822001
"1019";"10772";"Schor Wilhelminapolder, Zeeland";544;95;4,800000191;-0,234297248147159;-5,18542858454433;0,1625;0,02640625;2;"2017_2018";"Oosterschelde";2,43187440190775;0,960666163076262;8,562551774;12,6641490424366;90;3;2;"M";"Adult";"0";0;"D";2;0,0658094146992188;-0,141320133974004;0,478228025794396;1,00702872822001
"1020";"10773";"Schor Wilhelminapolder, Zeeland";528;94;4,199999809;-0,124557845095876;-5,18203888066862;0,164583333;0,0270876735013889;2;"2017_2018";"Oosterschelde";2,43187440190775;0,822052173866937;13,75433153;14,8426086948197;90;3;2;"M";"Adult";"0";0;"D";2;0,096292558431961;-0,11129741422882;-0,115052096019458;1,00702872822001
"1021";"10774";"Schor Wilhelminapolder, Zeeland";543;96;4,400000095;-0,161268147767346;-4,92402787615566;0,166666667;0,0277777778888889;2;"2017_2018";"Oosterschelde";2,43187440190775;0,703548144374825;13,14268412;12,5700601794969;90;3;2;"M";"Adult";"1";1;"D";2;0,126775716796615;-0,0808922248295625;0,0827081014746927;1,00702872822001
"1022";"10775";"Schor Wilhelminapolder, Zeeland";472;95;3;-0,126856062731811;-4,79401801867115;0,167361111;0,0280097414751543;2;"2017_2018";"Oosterschelde";2,43187440190775;0,450845938338474;6,306376237;11,6532212875623;90;3;2;"M";"Adult";"1";1;"D";2;0,136936759830225;-0,0706721814536876;-1,30161139534357;1,00702872822001
"1023";"10752";"Schor Wilhelminapolder, Zeeland";566;101;2,299999952;-0,237055984961851;-5,18071288559291;0,16875;0,0284765625;2;"2017_2018";"Oosterschelde";2,43187440190775;0,739073628466311;7,183617197;10,6614533201742;90;3;1;"F";"Adult";"1";1;"D";2;0,157258860529357;-0,0501045949652039;-1,99377114424711;1,00702872822001
"1024";"10750";"Schor Wilhelminapolder, Zeeland";530;103;3,299999952;NA;NA;0,170138889;0,0289472415501543;2;"2017_2018";"Oosterschelde";2,43187440190775;NA;10,7777572;NA;90;3;1;"F";"Adult";"1";1;"D";2;0,177580961228489;-0,0293670284094422;-1,00497157075975;1,00702872822001
"1027";"10748";"Schor Wilhelminapolder, Zeeland";529;104;3,799999952;-0,113080781990639;-5,4296197134371;0,175694444;0,0308685376524691;2;"2017_2018";"Oosterschelde";2,43187440190775;NA;7,418545339;NA;90;3;1;"F";"Adult";"0";0;"D";2;0,258869349393106;0,0552830230046087;-0,510571784016064;1,00702872822001
"1028";"10736";"Schor Wilhelminapolder, Zeeland";497;100;5,199999809;NA;NA;0,177083333;0,0313585068263889;2;"2017_2018";"Oosterschelde";2,43187440190775;NA;4,276168126;NA;90;3;2;"M";"Adult";"0";0;"D";2;0,279191450092238;0,0768704897743772;0,873747477467905;1,00702872822001
"1029";"10737";"Schor Wilhelminapolder, Zeeland";518;100;2,400000095;NA;NA;0,177777778;0,0316049383506173;2;"2017_2018";"Oosterschelde";2,43187440190775;NA;8,211592821;NA;90;3;1;"F";"Adult";"0";0;"D";2;0,28935250775776;0,0877279735171711;-1,89489104550003;1,00702872822001
"1030";"10738";"Schor Wilhelminapolder, Zeeland";506;100;4,599999905;-0,266999863919259;-4,99985273371817;0,179166667;0,0321006945638889;2;"2017_2018";"Oosterschelde";2,43187440190775;1,19000312005542;4,526130622;13,5796151838156;90;3;2;"M";"Adult";"1";1;"D";2;0,309674608456892;0,10957041044905;0,280467828300246;1,00702872822001
"1032";"5303";"Schor Wilhelminapolder, Zeeland";539;98;3,5;-0,468671866627986;-4,8353290721317;0,104861111;0,0109958526001543;2;"2017_2018";"Oosterschelde";2,43187440190775;0,372207684303369;7,923705647;9,71692627163661;90;3;1;"F";"Adult";"0";0;"D";2;-0,77755769847116;-0,820284157601706;-0,807211608599893;1,00702872822001
"1037";"8066";"Schor Wilhelminapolder, Zeeland";512;96;4,599999905;-0,262563355371611;-5,31849699765791;0,109027778;0,0118870563756173;2;"2017_2018";"Oosterschelde";2,43187440190775;NA;9,048536844;NA;90;3;2;"M";"Adult";"1";1;"D";2;-0,716591396373763;-0,781018765181223;0,280467828300246;1,00702872822001
"1045";"8082";"Prunjepolder, Oosterschelde";552;94;6,400000095;-0,26724044494986;-4,9605109075716;0,189583333;0,0359418401513889;2;"2017_2018";"Oosterschelde";2,43187440190775;0,63275894248043;16,2065093;12,8696734063816;79;3;2;"M";"Adult";"0";0;"D";1;0,462090341752515;0,278806777024185;2,06030724844942;-0,988380048067788
"1050";"7154";"Prunjepolder, Oosterschelde";492;100;3;NA;NA;0,104166667;0,0108506945138889;2;"2017_2018";"Oosterschelde";2,43187440190775;NA;34,64401789;NA;79;3;2;"M";"Adult";"1";1;"D";1;-0,78771874150477;-0,826679652523456;-1,30161139534357;-0,988380048067788
"1057";"6854";"Prunjepolder, Oosterschelde";554;95;5,300000191;NA;NA;0,086805556;0,00753520455246914;2;"2017_2018";"Oosterschelde";2,43187440190775;NA;10,78336029;NA;79;3;2;"M";"Adult";"1";1;"D";1;-1,04174497829605;-0,972756249128639;0,972627812538077;-0,988380048067788
"1060";"8349";"Prunjepolder, Oosterschelde";510;93;5,800000191;NA;NA;0,238194444;0,0567365931524691;2;"2017_2018";"Oosterschelde";2,43187440190775;NA;13,20777912;NA;79;3;1;"F";"Adult";"1";1;"D";1;1,17336380769449;1,19499918930416;1,46702759928176;-0,988380048067788
"1061";"6351";"Schor Wilhelminapolder, Zeeland";520;95;3,299999952;-0,249589073151411;-5,37001768089943;0,106944444;0,0114371141024691;2;"2017_2018";"Oosterschelde";2,43187440190775;0,660157340668879;10,92180975;10,76343490221;90;3;2;"M";"Adult";"0";0;"D";2;-0,747074554738417;-0,800842693678999;-1,00497157075975;1,00702872822001
